<?xml version="1.0" encoding="utf-8"?>
<!DOCTYPE beans PUBLIC "-//SPRING//DTD BEAN//EN"
    "http://www.springframework.org/dtd/spring-beans.dtd">

<beans>
	<bean id="propertyConfigurer" class="org.springframework.beans.factory.config.PropertyPlaceholderConfigurer">
		<property name="locations">
			<list>
				<value>classpath:jdbc.properties</value>
			</list>
		</property>
	</bean>
	<bean id="sms.modem.ds" class="com.mchange.v2.c3p0.ComboPooledDataSource" destroy-method="close">
		<property name="driverClass">
			<value>${jdbc.driver}</value>
		</property>
		<property name="jdbcUrl">
			<value>${sms.modem.jdbc.url}</value>
		</property>
		<property name="user">
			<value>${sms.modem.jdbc.user}</value>
		</property>
		<property name="password">
			<value>${sms.modem.jdbc.password}</value>
		</property>

		<property name="checkoutTimeout" value="0"/>
        <property name="initialPoolSize" value="${sms.modem.pool.size}"/>
        <property name="minPoolSize" value="${sms.modem.pool.size}"/>
        <property name="maxPoolSize" value="${sms.modem.max.pool.size}"/>
        <property name="maxIdleTime" value="0"/>
        <property name="acquireIncrement" value="5"/>
		<property name="idleConnectionTestPeriod" value="60"/>
		<property name="numHelperThreads" value="3"/> 
		<property name="preferredTestQuery" value="select 1 from dual"/> 
	</bean>
	<bean id="SmsServiceProvider" class="org.springframework.remoting.httpinvoker.HttpInvokerProxyFactoryBean">
		<property name="serviceUrl" value="http://59.151.30.133:8899/sms/remoting/SmsServiceProvider"/>
		<property name="serviceInterface" value="com.tongcard.osf.sms.sp.SmsServiceProvider"/>
	</bean>
	<bean id="smsTask" class="com.tongcard.osf.sms.server.SmsSendServer">
		<property name="ds" ref="sms.modem.ds"/>
		<property name="poolSize" value="3"/>
		<property name="ssp" ref="SmsServiceProvider"/>
	</bean>

	<bean id="jobTask"
		class="org.springframework.scheduling.quartz.MethodInvokingJobDetailFactoryBean">
		<!-- 调用的类 -->
		<property name="targetObject">
			<ref bean="smsTask" />
		</property>
		<!-- 调用类中的方法 -->
		<property name="targetMethod">
			<value>sendSms</value>
		</property>
	</bean>
	<!-- 同步商户信息 ，定义触发时间 -->
	<bean id="trigger"
		class="org.springframework.scheduling.quartz.CronTriggerBean">
		<property name="jobDetail">
			<ref bean="jobTask" />
		</property>
		<!-- cron表达式 -->
		<property name="cronExpression">
			<value>0 0/1 * * * ?</value>
		</property>
	</bean>
	<!-- 总管理类 如果将lazy-init='false'那么容器启动就会执行调度程序   -->
	<bean id="startQuertz" lazy-init="false" autowire="no"
		class="org.springframework.scheduling.quartz.SchedulerFactoryBean">
		<property name="triggers">
			<list>
				<ref bean="trigger"/>
			</list>
		</property>
	</bean>
</beans>
