<?xml version="1.0" encoding="UTF-8"?>

<beans xmlns="http://www.springframework.org/schema/beans"
	     xmlns:xsi="http://www.w3.org/2001/XMLSchema-instance"
	     xmlns:aop="http://www.springframework.org/schema/aop"
	     xmlns:tx="http://www.springframework.org/schema/tx"
	     xsi:schemaLocation="http://www.springframework.org/schema/beans http://www.springframework.org/schema/beans/spring-beans-2.0.xsd
           http://www.springframework.org/schema/aop http://www.springframework.org/schema/aop/spring-aop-2.0.xsd
           http://www.springframework.org/schema/tx http://www.springframework.org/schema/tx/spring-tx-2.0.xsd">

	<bean id="db1" class="com.mchange.v2.c3p0.ComboPooledDataSource" destroy-method="close">
		<property name="driverClass">
			<value>${jdbc.driver}</value>
		</property>
		<property name="jdbcUrl">
			<value>${db1.jdbc.url}</value>
		</property>
		<property name="user">
			<value>${db1.jdbc.user}</value>
		</property>
		<property name="password">
			<value>${db1.jdbc.password}</value>
		</property>

		<property name="checkoutTimeout" value="30000"/>
        <property name="initialPoolSize" value="${db1.pool.size}"/>
        <property name="minPoolSize" value="${db1.pool.size}"/>
        <property name="maxPoolSize" value="${db1.max.pool.size}"/>
        <property name="maxIdleTime" value="0"/>
        <property name="acquireIncrement" value="5"/>
		<property name="idleConnectionTestPeriod" value="60"/>
		<property name="numHelperThreads" value="3"/> 
		<property name="preferredTestQuery" value="select 1 from dual"/> 
	</bean>

	<bean id="db2" class="com.mchange.v2.c3p0.ComboPooledDataSource" destroy-method="close">
		<property name="driverClass">
			<value>${jdbc.driver}</value>
		</property>
		<property name="jdbcUrl">
			<value>${db2.jdbc.url}</value>
		</property>
		<property name="user">
			<value>${db2.jdbc.user}</value>
		</property>
		<property name="password">
			<value>${db2.jdbc.password}</value>
		</property>

		<property name="checkoutTimeout" value="30000"/>
        <property name="initialPoolSize" value="${db2.pool.size}"/>
        <property name="minPoolSize" value="${db2.pool.size}"/>
        <property name="maxPoolSize" value="${db2.max.pool.size}"/>
        <property name="maxIdleTime" value="0"/>
        <property name="acquireIncrement" value="5"/>
		<property name="idleConnectionTestPeriod" value="60"/>
		<property name="numHelperThreads" value="3"/> 
		<property name="preferredTestQuery" value="select 1 from dual"/> 
	</bean>
	
    
	 <!-- Construct dataSourceMap -->
	<bean id="dataSourceMap" class="java.util.HashMap">
	  <constructor-arg>
	   <map key-type="java.lang.String">
             <entry key="db1" value-ref="db1"/>   
             <entry key="db2" value-ref="db2"/> 
	   </map>
	  </constructor-arg>
	</bean> 
	
	<bean id="dataSourceProxy" class="com.tongcard.osf.datasource.DynamicDataSource">   
       <property name="targetDataSources">   
          <ref local="dataSourceMap" />  
       </property>   
       <property name="defaultTargetDataSource" ref="db1"/>   
    </bean>   
    <bean id="tip.ds" class="com.mchange.v2.c3p0.ComboPooledDataSource" destroy-method="close">
		<property name="driverClass">
			<value>${jdbc.driver}</value>
		</property>
		<property name="jdbcUrl">
			<value>${tip.jdbc.url}</value>
		</property>
		<property name="user">
			<value>${tip.jdbc.user}</value>
		</property>
		<property name="password">
			<value>${tip.jdbc.password}</value>
		</property>
		
		<property name="checkoutTimeout" value="30000"/>
        <property name="initialPoolSize" value="${tip.pool.size}"/>
        <property name="minPoolSize" value="${tip.pool.size}"/>
        <property name="maxPoolSize" value="${tip.max.pool.size}"/>
        <property name="maxIdleTime" value="0"/>
        <property name="acquireIncrement" value="5"/>
		<property name="idleConnectionTestPeriod" value="60"/>
		<property name="numHelperThreads" value="3"/> 
		<property name="preferredTestQuery" value="select 1 from dual"/> 
	</bean>
	<bean id="atip.ds" class="com.mchange.v2.c3p0.ComboPooledDataSource" destroy-method="close">
		<property name="driverClass">
			<value>${jdbc.driver}</value>
		</property>
		<property name="jdbcUrl">
			<value>${tip.jdbc.url}</value>
		</property>
		<property name="user">
			<value>${tip.jdbc.user}</value>
		</property>
		<property name="password">
			<value>${tip.jdbc.password}</value>
		</property>
		
		<property name="checkoutTimeout" value="30000"/>
        <property name="initialPoolSize" value="${tip.pool.size}"/>
        <property name="minPoolSize" value="${tip.pool.size}"/>
        <property name="maxPoolSize" value="${tip.max.pool.size}"/>
        <property name="maxIdleTime" value="0"/>
        <property name="acquireIncrement" value="5"/>
		<property name="idleConnectionTestPeriod" value="60"/>
		<property name="numHelperThreads" value="3"/> 
		<property name="preferredTestQuery" value="select 1 from dual"/> 
	</bean>
	<bean id="site.ds" class="com.mchange.v2.c3p0.ComboPooledDataSource" destroy-method="close">
		<property name="driverClass">
			<value>${jdbc.driver}</value>
		</property>
		<property name="jdbcUrl">
			<value>${site.jdbc.url}</value>
		</property>
		<property name="user">
			<value>${site.jdbc.user}</value>
		</property>
		<property name="password">
			<value>${site.jdbc.password}</value>
		</property>
		
		<property name="checkoutTimeout" value="30000"/>
        <property name="initialPoolSize" value="${site.pool.size}"/>
        <property name="minPoolSize" value="${site.pool.size}"/>
        <property name="maxPoolSize" value="${site.max.pool.size}"/>
        <property name="maxIdleTime" value="0"/>
        <property name="acquireIncrement" value="5"/>
		<property name="idleConnectionTestPeriod" value="60"/>
		<property name="numHelperThreads" value="3"/> 
		<property name="preferredTestQuery" value="select 1 from dual"/> 
	</bean>

	<bean id="sms.modem.ds" class="com.mchange.v2.c3p0.ComboPooledDataSource" destroy-method="close">
		<property name="driverClass">
			<value>${jdbc.driver}</value>
		</property>
		<property name="jdbcUrl">
			<value>${sms.modem.jdbc.url}</value>
		</property>
		<property name="user">
			<value>${sms.modem.jdbc.user}</value>
		</property>
		<property name="password">
			<value>${sms.modem.jdbc.password}</value>
		</property>

		<property name="checkoutTimeout" value="30000"/>
        <property name="initialPoolSize" value="${sms.modem.pool.size}"/>
        <property name="minPoolSize" value="${sms.modem.pool.size}"/>
        <property name="maxPoolSize" value="${sms.modem.max.pool.size}"/>
        <property name="maxIdleTime" value="0"/>
        <property name="acquireIncrement" value="5"/>
		<property name="idleConnectionTestPeriod" value="60"/>
		<property name="numHelperThreads" value="3"/> 
		<property name="preferredTestQuery" value="select 1 from dual"/> 
	</bean>
	
  	<bean id="txManager" class="org.springframework.jdbc.datasource.DataSourceTransactionManager">
    	<property name="dataSource" ref="dataSourceProxy"/>
  	</bean>
  	<bean id="tip.txManager" class="org.springframework.jdbc.datasource.DataSourceTransactionManager">
    	<property name="dataSource" ref="tip.ds"/>
  	</bean>
  	
</beans>
