<?xml version="1.0" encoding="utf-8"?>
<!DOCTYPE beans PUBLIC "-//SPRING//DTD BEAN//EN"
    "http://www.springframework.org/dtd/spring-beans.dtd">

<beans>	
	<bean id="smsShouyiServiceProvider" class="com.tongcard.osf.sms.sp.mobset.SmsShouyiService">
		<property name="comAccount" value="110151"/>
		<property name="userAccount" value="Admin"/>
		<property name="password" value="191617"/>
	</bean>
	<bean name="/SmsServiceProvider" class="org.springframework.remoting.httpinvoker.HttpInvokerServiceExporter">
		<property name="service" ref="smsShouyiServiceProvider"/>
		<property name="serviceInterface" value="com.tongcard.osf.sms.sp.SmsServiceProvider"/>
	</bean>
</beans>
