<?xml version="1.0" encoding="utf-8"?>
<!DOCTYPE beans PUBLIC "-//SPRING//DTD BEAN//EN"
    "http://www.springframework.org/dtd/spring-beans.dtd">

<beans>	
	<!--bean id="SmsServiceProvider" class="org.springframework.remoting.httpinvoker.HttpInvokerProxyFactoryBean">
		<property name="serviceUrl" value="http://59.151.30.133:8899/sms/remoting/SmsServiceProvider"/>
		<property name="serviceInterface" value="com.tongcard.osf.sms.sp.SmsServiceProvider"/>
	</bean-->
	<bean id="SmsServiceProvider" class="com.tongcard.osf.sms.sp.mobset.SmsShouyiService">
		<property name="comAccount" value="110151"/>
		<property name="userAccount" value="Admin"/>
		<property name="password" value="191617"/>
	</bean>
	
</beans>
