<?xml version="1.0" encoding="utf-8"?>
<!DOCTYPE beans PUBLIC "-//SPRING//DTD BEAN//EN"
    "http://www.springframework.org/dtd/spring-beans.dtd">

<beans>	
	<!-- 
	<bean id="IDUtil" class="com.tongcard.osf.idgenerator.service.impl.IDUtil">
		<description>流水号生成器Dao工具类</description>
		<property name="dataSource"><ref bean="tip.ds"/></property>
	</bean>    
    <bean id="idGeneratorTarget" class="com.tongcard.osf.idgenerator.service.impl.IDGeneratorImpl" lazy-init="true">
    	<description>流水号生成器代理目标</description>
    	<property name="util">
    		<ref  bean="IDUtil"/>
    	</property>
    </bean>
    <bean id="idGenerator" class="org.springframework.transaction.interceptor.TransactionProxyFactoryBean">
        <description>事务控制下的流水号生成器Target</description>
        <property name="transactionManager">
            <ref bean="tip.txManager"/>
        </property>
        <property name="target">
            <ref local="idGeneratorTarget"/>
        </property>
        <property name="transactionAttributes">
            <props>
                <prop key="getNext*">PROPAGATION_REQUIRES_NEW</prop>
            </props>
        </property>
    </bean>
     -->
</beans>
