<?xml version="1.0" encoding="UTF-8"?>

<beans xmlns="http://www.springframework.org/schema/beans"
    xmlns:xsi="http://www.w3.org/2001/XMLSchema-instance"
    xmlns:aop="http://www.springframework.org/schema/aop"
    xmlns:tx="http://www.springframework.org/schema/tx"
    xsi:schemaLocation="
    http://www.springframework.org/schema/beans http://www.springframework.org/schema/beans/spring-beans-2.5.xsd
    http://www.springframework.org/schema/tx http://www.springframework.org/schema/tx/spring-tx-2.5.xsd
    http://www.springframework.org/schema/aop http://www.springframework.org/schema/aop/spring-aop-2.5.xsd">

   <!-- this is the actual advice itself -->
   <bean id="perf4j.profiler" class="com.tongcard.osf.util.StopWatchAspect">
   		<property name="order" value="1"/>
   </bean>

   <aop:config>
   		
   		<aop:pointcut id="tx.pointcut"	expression="bean(idGenerator) and execution(* com.tongcard..*.*(..))"/>
   		<aop:advisor pointcut-ref="tx.pointcut" advice-ref="defaultTxAdvice" order="2"/>
      	<aop:aspect ref="perf4j.profiler">
   			<aop:pointcut id="perf4j.profiler_pointcut"	expression="bean(idGenerator) and execution(* com.tongcard..*.*(..))"/>
        	<aop:around pointcut-ref="perf4j.profiler_pointcut"
                  method="profile"/>
      	</aop:aspect>
   </aop:config>
	<tx:advice id="defaultTxAdvice" transaction-manager="tip.txManager">
        <tx:attributes>
            <tx:method name="getNext*" propagation="REQUIRES_NEW"/>
        </tx:attributes>
    </tx:advice>
	
</beans>
