<?xml version="1.0" encoding="utf-8"?>
<!DOCTYPE beans PUBLIC "-//SPRING//DTD BEAN//EN"
    "http://www.springframework.org/dtd/spring-beans.dtd">

<beans>	
	
	<bean id="smsRecordService" class="com.tongcard.osf.sms.SimpleSmsRecordService">
		<property name="ds">
			<ref bean="tip.ds"/>
		</property>
		
		<property name="archiveDs">
			<ref bean="atip.ds"/>
		</property>
	</bean>
	<bean id="smsBlackService" class="com.tongcard.osf.sms.SimpleSmsBlackService">
		<property name="ds">
			<ref bean="tip.ds"/>
		</property>
	</bean>

	<bean id="smsModemServiceProvider" class="com.tongcard.osf.sms.sp.modem.SmsModemServiceProvider">
		<property name="ds">
			<ref bean="sms.modem.ds"/>
		</property>
	</bean>
	<bean id="smsFastServiceProvider" class="com.tongcard.osf.sms.sp.url.FastSmsServiceProvider">
		<property name="ds">
			<ref bean="sms.modem.ds"/>
		</property>
	</bean>
	<bean id="smsServiceFacade" class="com.tongcard.osf.sms.PriorSmsServiceFacade">
		<property name="ds">
			<ref bean="sms.modem.ds"/>
		</property>
		<property name="defaultSP">
			<ref bean="smsModemServiceProvider"/>
		</property>
		<property name="fastSP">
			<ref bean="smsFastServiceProvider"/>
		</property>
		<property name="srs">
			<ref bean="smsRecordService"/>
		</property>
		<property name="sbs">
			<ref bean="smsBlackService"/>
		</property>
	</bean>
</beans>
