<?xml version="1.0"?>
<!DOCTYPE hibernate-mapping PUBLIC
    "-//Hibernate/Hibernate Mapping DTD 3.0//EN" 
    "http://hibernate.sourceforge.net/hibernate-mapping-3.0.dtd">
    
<hibernate-mapping>
<class 
    name="com.tongcard.osf.idgenerator.vo.Series"
    table="sys_series"
>

    <id
        name="id"
        type="java.lang.String"
        column="SEQUENCE_ID"
    >
        <generator class="assigned" />
    </id>

    <property
        name="name"
        type="java.lang.String"
        column="SEQUENCE_NAME"
        length="100"
    />
    <property
        name="rule"
        type="java.lang.String"
        column="SEQUENCE_RULE"
        length="300"
    />
    <property
        name="affix"
        type="java.lang.String"
        column="MEMO"
        length="100"
    />

    <!-- associations -->
    <!-- bi-directional one-to-many association to CurrentMax -->
    <set
        name="currentMaxs"
        lazy="true"
        inverse="true"
    >
        <key>
            <column name="id" />
        </key>
        <one-to-many 
            class="com.tongcard.osf.idgenerator.vo.CurrentMax"
        />
    </set>

</class>
</hibernate-mapping>
